IDfg,Season,PA,HR,R,RBI,SB,BB%_bat,K%_bat,AVG,OBP,SLG,OPS,wOBA,wRC+,BABIP_bat,O-Swing%_bat,Z-Swing%_bat,Swing%_bat,O-Contact%_bat,Z-Contact%_bat,Contact%_bat,Zone%_bat,SwStr%_bat,LD%_bat,GB%_bat,FB%_bat,Hard%_bat,Soft%_bat,Pull%,Cent%,Oppo%,Barrel%_bat,W,L,SV,IP,BB%_pitch,K%_pitch,HR/9,ERA,WHIP,FIP,ERA-,FIP-,xFIP-,BABIP_pitch,O-Swing%_pitch,Z-Swing%_pitch,Swing%_pitch,O-Contact%_pitch,Z-Contact%_pitch,Contact%_pitch,Zone%_pitch,SwStr%_pitch,LD%_pitch,GB%_pitch,FB%_pitch,Hard%_pitch,Soft%_pitch,Barrel%_pitch,Name,Team,Age,G,WAR,League
5361,2025,612.0,21.0,77.0,85.0,5.0,0.093,0.206,0.292,0.363,0.487,0.85,0.363,134.0,0.343,0.3289999999999999,0.782,0.521,0.628,0.8059999999999999,0.741,0.424,0.135,0.225,0.407,0.369,0.371,0.106,0.433,0.314,0.253,0.102,,,,,,,,,,,,,,,,,,,,,,,,,,,,,Freddie Freeman,LAD,35.0,143.0,3.4,NL
5417,2025,641.0,26.0,78.0,75.0,10.0,0.081,0.165,0.263,0.325,0.441,0.766,0.329,111.0,0.279,0.4039999999999999,0.648,0.494,0.7340000000000001,0.91,0.8190000000000001,0.366,0.089,0.183,0.416,0.401,0.292,0.192,0.564,0.282,0.154,0.063,,,,,,,,,,,,,,,,,,,,,,,,,,,,,Jose Altuve,HOU,35.0,151.0,1.9,AL
7304,2025,619.0,30.0,53.0,97.0,0.0,0.042,0.192,0.242,0.287,0.457,0.744,0.317,100.0,0.256,0.456,0.7509999999999999,0.573,0.639,0.8640000000000001,0.757,0.3979999999999999,0.139,0.191,0.35,0.4589999999999999,0.374,0.165,0.472,0.3279999999999999,0.2,0.147,,,,,,,,,,,,,,,,,,,,,,,,,,,,,Salvador Perez,KCR,35.0,150.0,0.9,AL
9218,2025,520.0,10.0,74.0,44.0,5.0,0.069,0.185,0.278,0.333,0.411,0.743,0.322,107.0,0.329,0.308,0.669,0.475,0.728,0.867,0.818,0.462,0.086,0.228,0.386,0.386,0.307,0.121,0.3779999999999999,0.3329999999999999,0.289,0.081,,,,,,,,,,,,,,,,,,,,,,,,,,,,,Paul Goldschmidt,NYY,37.0,141.0,1.0,AL
9847,2025,535.0,13.0,50.0,57.0,1.0,0.123,0.215,0.24,0.336,0.372,0.708,0.312,97.0,0.291,0.238,0.715,0.4529999999999999,0.5660000000000001,0.8320000000000001,0.755,0.451,0.111,0.209,0.414,0.377,0.351,0.166,0.477,0.3289999999999999,0.1939999999999999,0.085,,,,,,,,,,,,,,,,,,,,,,,,,,,,,Andrew McCutchen,PIT,38.0,131.0,0.0,NL
10155,2025,543.0,22.0,68.0,59.0,2.0,0.158,0.322,0.227,0.356,0.412,0.768,0.334,113.0,0.312,0.2269999999999999,0.589,0.386,0.539,0.818,0.726,0.439,0.106,0.233,0.349,0.418,0.375,0.171,0.385,0.331,0.284,0.145,,,,,,,,,,,,,,,,,,,,,,,,,,,,,Mike Trout,LAA,33.0,126.0,1.3,AL
10324,2025,578.0,20.0,60.0,66.0,0.0,0.159,0.242,0.232,0.355,0.398,0.753,0.333,113.0,0.28,0.241,0.618,0.3929999999999999,0.63,0.8440000000000001,0.7659999999999999,0.4029999999999999,0.092,0.1939999999999999,0.408,0.3989999999999999,0.34,0.15,0.431,0.337,0.2319999999999999,0.114,,,,,,,,,,,,,,,,,,,,,,,,,,,,,Marcell Ozuna,ATL,34.0,141.0,1.1,NL
10954,2025,,,,,,,,,,,,,,,,,,,,,,,,,,,,,,,,12.0,8.0,0.0,167.2,0.055,0.271,1.34,3.01,0.93,3.67,74.0,87.0,81.0,0.231,0.359,0.725,0.517,0.555,0.8390000000000001,0.728,0.433,0.141,0.198,0.38,0.422,0.317,0.151,0.089,Jacob deGrom,TEX,37.0,29.0,3.3,AL
11156,2025,,,,,,,,,,,,,,,,,,,,,,,,,,,,,,,,12.0,9.0,0.0,184.0,0.064,0.223,1.13,3.52,1.11,3.77,84.0,93.0,92.0,0.264,0.356,0.6859999999999999,0.492,0.657,0.88,0.785,0.411,0.106,0.19,0.431,0.38,0.347,0.162,0.092,Merrill Kelly,- - -,36.0,32.0,3.1,
11477,2025,625.0,29.0,87.0,102.0,16.0,0.1009999999999999,0.258,0.266,0.346,0.459,0.804,0.347,123.0,0.324,0.294,0.6759999999999999,0.451,0.5539999999999999,0.853,0.738,0.411,0.118,0.195,0.5670000000000001,0.238,0.336,0.159,0.321,0.396,0.283,0.1009999999999999,,,,,,,,,,,,,,,,,,,,,,,,,,,,,Christian Yelich,MIL,33.0,146.0,2.5,NL
11486,2025,,,,,,,,,,,,,,,,,,,,,,,,,,,,,,,,11.0,8.0,0.0,182.1,0.0969999999999999,0.246,1.09,3.65,1.21,3.94,88.0,99.0,103.0,0.268,0.321,0.723,0.49,0.59,0.838,0.7440000000000001,0.42,0.125,0.172,0.361,0.467,0.315,0.138,0.096,Robbie Ray,SFG,33.0,32.0,2.2,NL
11493,2025,667.0,26.0,88.0,93.0,14.0,0.081,0.1889999999999999,0.274,0.334,0.458,0.792,0.34,122.0,0.306,0.321,0.728,0.498,0.609,0.848,0.7609999999999999,0.435,0.119,0.188,0.39,0.421,0.38,0.122,0.376,0.37,0.254,0.126,,,,,,,,,,,,,,,,,,,,,,,,,,,,,Manny Machado,SDP,32.0,156.0,3.7,NL
11579,2025,564.0,27.0,72.0,75.0,12.0,0.121,0.207,0.263,0.358,0.495,0.853,0.364,133.0,0.292,0.382,0.81,0.5429999999999999,0.5489999999999999,0.8390000000000001,0.7120000000000001,0.376,0.156,0.186,0.434,0.38,0.381,0.118,0.391,0.3429999999999999,0.265,0.126,,,,,,,,,,,,,,,,,,,,,,,,,,,,,Bryce Harper,PHI,32.0,128.0,3.5,NL
11609,2025,563.0,20.0,70.0,80.0,5.0,0.078,0.252,0.257,0.344,0.447,0.791,0.345,123.0,0.319,0.344,0.6729999999999999,0.484,0.5770000000000001,0.847,0.737,0.426,0.127,0.207,0.418,0.375,0.3229999999999999,0.159,0.3939999999999999,0.371,0.235,0.138,,,,,,,,,,,,,,,,,,,,,,,,,,,,,Willson Contreras,STL,33.0,135.0,2.8,NL
11737,2025,572.0,17.0,71.0,71.0,4.0,0.054,0.22,0.256,0.299,0.41,0.709,0.307,93.0,0.302,0.4429999999999999,0.818,0.5870000000000001,0.585,0.862,0.733,0.384,0.156,0.2239999999999999,0.392,0.384,0.316,0.114,0.426,0.341,0.2339999999999999,0.078,,,,,,,,,,,,,,,,,,,,,,,,,,,,,Nick Castellanos,PHI,33.0,142.0,-0.4,NL
11739,2025,538.0,12.0,57.0,52.0,7.0,0.063,0.2319999999999999,0.259,0.317,0.389,0.706,0.309,95.0,0.322,0.353,0.664,0.486,0.63,0.902,0.789,0.428,0.102,0.211,0.447,0.341,0.317,0.127,0.409,0.347,0.244,0.089,,,,,,,,,,,,,,,,,,,,,,,,,,,,,J.T. Realmuto,PHI,34.0,131.0,2.2,NL
12049,2025,,,,,,,,,,,,,,,,,,,,,,,,,,,,,,,,8.0,10.0,0.0,159.2,0.064,0.158,1.35,4.79,1.28,4.67,115.0,110.0,116.0,0.279,0.341,0.6609999999999999,0.478,0.778,0.879,0.838,0.428,0.077,0.188,0.386,0.426,0.258,0.208,0.079,Kyle Hendricks,LAA,35.0,30.0,1.6,AL
12161,2025,538.0,10.0,60.0,49.0,20.0,0.089,0.1689999999999999,0.26,0.328,0.384,0.711,0.311,102.0,0.297,0.271,0.597,0.417,0.6459999999999999,0.889,0.802,0.45,0.083,0.208,0.442,0.35,0.304,0.149,0.4529999999999999,0.349,0.1969999999999999,0.066,,,,,,,,,,,,,,,,,,,,,,,,,,,,,Xander Bogaerts,SDP,32.0,132.0,3.0,NL
12304,2025,,,,,,,,,,,,,,,,,,,,,,,,,,,,,,,,11.0,9.0,0.0,170.1,0.071,0.226,1.16,3.96,1.33,4.02,97.0,94.0,91.0,0.315,0.291,0.695,0.466,0.685,0.8440000000000001,0.787,0.433,0.099,0.203,0.465,0.332,0.297,0.2,0.085,Chris Bassitt,TOR,36.0,32.0,2.5,AL
12533,2025,534.0,15.0,62.0,62.0,11.0,0.094,0.174,0.23,0.305,0.364,0.669,0.295,89.0,0.251,0.2789999999999999,0.777,0.489,0.591,0.893,0.7929999999999999,0.422,0.1009999999999999,0.2019999999999999,0.342,0.456,0.324,0.166,0.4639999999999999,0.355,0.181,0.067,,,,,,,,,,,,,,,,,,,,,,,,,,,,,Marcus Semien,TEX,34.0,127.0,2.1,AL
12552,2025,636.0,47.0,89.0,113.0,4.0,0.072,0.296,0.229,0.302,0.527,0.829,0.349,126.0,0.245,0.34,0.716,0.502,0.488,0.826,0.696,0.431,0.152,0.181,0.316,0.503,0.37,0.161,0.505,0.324,0.171,0.142,,,,,,,,,,,,,,,,,,,,,,,,,,,,,Eugenio Suarez,- - -,33.0,154.0,3.7,
12564,2025,637.0,25.0,90.0,95.0,31.0,0.052,0.267,0.264,0.31,0.439,0.748,0.324,103.0,0.329,0.384,0.738,0.5429999999999999,0.5489999999999999,0.845,0.73,0.449,0.147,0.185,0.439,0.376,0.365,0.152,0.396,0.3229999999999999,0.281,0.096,,,,,,,,,,,,,,,,,,,,,,,,,,,,,Trevor Story,BOS,32.0,153.0,3.2,AL
12730,2025,,,,,,,,,,,,,,,,,,,,,,,,,,,,,,,,11.0,13.0,0.0,162.2,0.06,0.17,1.22,4.54,1.2,4.35,102.0,100.0,109.0,0.274,0.289,0.664,0.4679999999999999,0.6859999999999999,0.883,0.82,0.478,0.084,0.21,0.381,0.409,0.282,0.162,0.07,Nick Martinez,CIN,34.0,38.0,2.1,NL
12768,2025,,,,,,,,,,,,,,,,,,,,,,,,,,,,,,,,14.0,8.0,0.0,174.2,0.05,0.268,1.24,4.33,1.23,3.38,105.0,84.0,74.0,0.329,0.3389999999999999,0.653,0.472,0.5489999999999999,0.888,0.747,0.422,0.119,0.2239999999999999,0.435,0.341,0.3329999999999999,0.18,0.093,Sonny Gray,STL,35.0,31.0,3.5,NL
12856,2025,564.0,30.0,101.0,80.0,16.0,0.115,0.19,0.306,0.395,0.552,0.947,0.403,163.0,0.337,0.247,0.731,0.4589999999999999,0.59,0.84,0.764,0.437,0.108,0.22,0.374,0.406,0.353,0.1639999999999999,0.419,0.353,0.228,0.156,,,,,,,,,,,,,,,,,,,,,,,,,,,,,George Springer,TOR,35.0,135.0,4.8,AL
12916,2025,709.0,29.0,113.0,83.0,31.0,0.085,0.181,0.268,0.344,0.462,0.806,0.348,127.0,0.292,0.309,0.679,0.476,0.684,0.878,0.809,0.45,0.091,0.226,0.376,0.3979999999999999,0.315,0.177,0.437,0.3429999999999999,0.22,0.083,,,,,,,,,,,,,,,,,,,,,,,,,,,,,Francisco Lindor,NYM,31.0,155.0,5.8,NL
12927,2025,631.0,25.0,79.0,91.0,12.0,0.078,0.217,0.261,0.324,0.441,0.765,0.33,115.0,0.299,0.282,0.6809999999999999,0.472,0.624,0.856,0.7829999999999999,0.477,0.102,0.1689999999999999,0.46,0.371,0.363,0.139,0.358,0.347,0.295,0.089,,,,,,,,,,,,,,,,,,,,,,,,,,,,,Brandon Nimmo,NYM,32.0,150.0,2.9,NL
13066,2025,530.0,25.0,64.0,88.0,5.0,0.049,0.245,0.246,0.285,0.459,0.744,0.317,103.0,0.281,0.3339999999999999,0.7090000000000001,0.505,0.505,0.8109999999999999,0.701,0.456,0.151,0.184,0.457,0.359,0.351,0.149,0.384,0.373,0.243,0.1159999999999999,,,,,,,,,,,,,,,,,,,,,,,,,,,,,Teoscar Hernandez,LAD,32.0,130.0,0.7,NL
13145,2025,519.0,20.0,50.0,61.0,0.0,0.108,0.17,0.233,0.322,0.402,0.724,0.318,103.0,0.246,0.303,0.718,0.469,0.653,0.867,0.784,0.4,0.1009999999999999,0.162,0.4589999999999999,0.3779999999999999,0.354,0.173,0.414,0.33,0.257,0.1159999999999999,,,,,,,,,,,,,,,,,,,,,,,,,,,,,Josh Bell,WSN,32.0,136.0,-0.2,NL
13152,2025,514.0,24.0,61.0,74.0,6.0,0.08,0.154,0.263,0.324,0.484,0.808,0.345,129.0,0.268,0.306,0.685,0.4629999999999999,0.613,0.89,0.7829999999999999,0.415,0.1,0.186,0.367,0.447,0.363,0.174,0.517,0.281,0.2019999999999999,0.1,,,,,,,,,,,,,,,,,,,,,,,,,,,,,Jorge Polanco,SEA,31.0,135.0,2.4,AL
13419,2025,623.0,23.0,68.0,82.0,2.0,0.064,0.2789999999999999,0.234,0.295,0.4,0.695,0.303,93.0,0.293,0.331,0.77,0.521,0.507,0.83,0.713,0.433,0.149,0.191,0.364,0.445,0.374,0.161,0.417,0.362,0.221,0.123,,,,,,,,,,,,,,,,,,,,,,,,,,,,,Christian Walker,HOU,34.0,150.0,0.7,AL
13510,2025,651.0,30.0,101.0,82.0,40.0,0.098,0.1119999999999999,0.282,0.359,0.503,0.863,0.36,133.0,0.277,0.324,0.675,0.4679999999999999,0.764,0.925,0.8590000000000001,0.41,0.066,0.203,0.331,0.465,0.304,0.176,0.5379999999999999,0.282,0.179,0.071,,,,,,,,,,,,,,,,,,,,,,,,,,,,,Jose Ramirez,CLE,32.0,153.0,6.0,AL
13611,2025,645.0,20.0,94.0,79.0,8.0,0.093,0.102,0.258,0.327,0.41,0.737,0.32,105.0,0.258,0.25,0.625,0.412,0.682,0.946,0.855,0.432,0.06,0.207,0.331,0.461,0.3279999999999999,0.1119999999999999,0.4589999999999999,0.341,0.2,0.0559999999999999,,,,,,,,,,,,,,,,,,,,,,,,,,,,,Mookie Betts,LAD,32.0,146.0,3.4,NL
13613,2025,539.0,26.0,82.0,70.0,4.0,0.1169999999999999,0.147,0.28,0.375,0.504,0.879,0.376,142.0,0.287,0.284,0.687,0.451,0.6759999999999999,0.877,0.8029999999999999,0.415,0.089,0.178,0.406,0.416,0.358,0.17,0.474,0.332,0.193,0.131,,,,,,,,,,,,,,,,,,,,,,,,,,,,,Ketel Marte,ARI,31.0,122.0,4.3,NL
13649,2025,,,,,,,,,,,,,,,,,,,,,,,,,,,,,,,,11.0,8.0,0.0,158.2,0.092,0.186,0.79,3.69,1.34,4.13,90.0,100.0,102.0,0.29,0.316,0.624,0.446,0.642,0.902,0.795,0.421,0.091,0.177,0.551,0.272,0.3389999999999999,0.146,0.071,Clay Holmes,NYM,32.0,31.0,1.8,NL
13743,2025,,,,,,,,,,,,,,,,,,,,,,,,,,,,,,,,18.0,5.0,0.0,188.1,0.063,0.235,0.67,2.92,1.11,3.12,72.0,72.0,81.0,0.281,0.311,0.68,0.47,0.61,0.847,0.757,0.429,0.114,0.182,0.525,0.294,0.278,0.206,0.069,Max Fried,NYY,31.0,31.0,4.5,AL
14078,2025,,,,,,,,,,,,,,,,,,,,,,,,,,,,,,,,9.0,13.0,0.0,166.2,0.061,0.174,0.81,4.0,1.24,3.69,95.0,88.0,109.0,0.291,0.321,0.716,0.503,0.7,0.8590000000000001,0.804,0.46,0.098,0.203,0.366,0.43,0.298,0.1689999999999999,0.076,Michael Wacha,KCR,33.0,30.0,3.4,AL
14107,2025,,,,,,,,,,,,,,,,,,,,,,,,,,,,,,,,10.0,11.0,0.0,189.1,0.064,0.244,1.0,3.47,1.03,3.45,85.0,81.0,90.0,0.253,0.348,0.7290000000000001,0.515,0.594,0.8540000000000001,0.755,0.4379999999999999,0.126,0.214,0.357,0.429,0.363,0.153,0.081,Kevin Gausman,TOR,34.0,31.0,4.0,AL
14161,2025,525.0,31.0,93.0,77.0,24.0,0.078,0.2689999999999999,0.263,0.328,0.535,0.863,0.361,133.0,0.305,0.337,0.7559999999999999,0.516,0.507,0.826,0.7070000000000001,0.427,0.151,0.17,0.363,0.467,0.396,0.119,0.527,0.301,0.173,0.173,,,,,,,,,,,,,,,,,,,,,,,,,,,,,Byron Buxton,MIN,31.0,122.0,4.7,AL
14162,2025,570.0,13.0,62.0,50.0,0.0,0.075,0.196,0.272,0.328,0.398,0.726,0.319,104.0,0.324,0.316,0.669,0.466,0.67,0.8809999999999999,0.7979999999999999,0.425,0.094,0.2269999999999999,0.481,0.292,0.345,0.162,0.386,0.341,0.273,0.07,,,,,,,,,,,,,,,,,,,,,,,,,,,,,Carlos Correa,- - -,30.0,140.0,2.4,
14168,2025,,,,,,,,,,,,,,,,,,,,,,,,,,,,,,,,9.0,5.0,0.0,164.0,0.078,0.196,1.37,4.06,1.29,4.6,100.0,108.0,106.0,0.285,0.313,0.6809999999999999,0.46,0.665,0.897,0.8029999999999999,0.3989999999999999,0.091,0.19,0.413,0.397,0.335,0.13,0.1119999999999999,Jose Berrios,TOR,31.0,30.0,1.4,AL
14344,2025,707.0,28.0,95.0,93.0,1.0,0.127,0.24,0.275,0.369,0.485,0.854,0.369,137.0,0.335,0.282,0.677,0.45,0.675,0.809,0.7609999999999999,0.427,0.108,0.201,0.4,0.4,0.402,0.113,0.379,0.3339999999999999,0.287,0.14,,,,,,,,,,,,,,,,,,,,,,,,,,,,,Matt Olson,ATL,31.0,158.0,4.7,NL
14854,2025,537.0,15.0,63.0,43.0,6.0,0.125,0.196,0.229,0.325,0.39,0.715,0.313,100.0,0.262,0.266,0.627,0.423,0.7290000000000001,0.887,0.831,0.435,0.072,0.203,0.321,0.476,0.324,0.151,0.431,0.313,0.255,0.08,,,,,,,,,,,,,,,,,,,,,,,,,,,,,Mike Yastrzemski,- - -,34.0,142.0,1.8,
15112,2025,572.0,19.0,59.0,52.0,3.0,0.119,0.318,0.213,0.309,0.378,0.687,0.304,84.0,0.29,0.2769999999999999,0.667,0.452,0.473,0.787,0.6809999999999999,0.45,0.144,0.19,0.426,0.384,0.401,0.066,0.423,0.392,0.185,0.119,,,,,,,,,,,,,,,,,,,,,,,,,,,,,Ryan McMahon,- - -,30.0,150.0,1.7,
15440,2025,,,,,,,,,,,,,,,,,,,,,,,,,,,,,,,,13.0,8.0,0.0,174.1,0.059,0.216,0.93,3.2,1.11,3.6,77.0,89.0,101.0,0.279,0.3329999999999999,0.7120000000000001,0.511,0.684,0.85,0.792,0.469,0.106,0.175,0.379,0.446,0.297,0.1689999999999999,0.088,Matthew Boyd,CHC,34.0,30.0,3.4,NL
15454,2025,,,,,,,,,,,,,,,,,,,,,,,,,,,,,,,,13.0,5.0,0.0,181.2,0.069,0.264,1.09,2.87,0.99,3.5,71.0,86.0,93.0,0.235,0.318,0.66,0.475,0.66,0.847,0.779,0.4589999999999999,0.105,0.186,0.335,0.479,0.293,0.136,0.109,Nick Pivetta,SDP,32.0,31.0,3.7,NL
15491,2025,641.0,12.0,68.0,58.0,8.0,0.115,0.186,0.266,0.354,0.373,0.728,0.325,115.0,0.319,0.247,0.672,0.447,0.7070000000000001,0.863,0.8170000000000001,0.472,0.0819999999999999,0.247,0.432,0.322,0.261,0.178,0.344,0.312,0.344,0.049,,,,,,,,,,,,,,,,,,,,,,,,,,,,,J.P. Crawford,SEA,30.0,153.0,2.8,AL
15640,2025,657.0,49.0,131.0,105.0,12.0,0.183,0.239,0.325,0.452,0.669,1.121,0.455,199.0,0.373,0.26,0.705,0.4379999999999999,0.442,0.8009999999999999,0.6729999999999999,0.401,0.143,0.201,0.3379999999999999,0.461,0.4479999999999999,0.094,0.373,0.365,0.263,0.247,,,,,,,,,,,,,,,,,,,,,,,,,,,,,Aaron Judge,NYY,33.0,147.0,9.2,AL
15689,2025,,,,,,,,,,,,,,,,,,,,,,,,,,,,,,,,10.0,8.0,0.0,173.1,0.064,0.211,1.14,3.63,1.23,3.96,95.0,98.0,100.0,0.293,0.3389999999999999,0.742,0.513,0.675,0.8440000000000001,0.78,0.432,0.113,0.177,0.414,0.41,0.346,0.159,0.104,Luis Castillo,SEA,32.0,31.0,2.4,AL
15823,2025,,,,,,,,,,,,,,,,,,,,,,,,,,,,,,,,10.0,8.0,0.0,182.0,0.0409999999999999,0.172,1.78,3.86,1.1,4.93,91.0,115.0,104.0,0.25,0.35,0.708,0.515,0.705,0.884,0.818,0.4589999999999999,0.094,0.183,0.4029999999999999,0.414,0.344,0.152,0.099,Zack Littell,- - -,29.0,31.0,1.3,
15986,2025,669.0,28.0,91.0,84.0,12.0,0.118,0.263,0.226,0.319,0.417,0.736,0.32,106.0,0.268,0.302,0.705,0.466,0.529,0.856,0.73,0.405,0.126,0.21,0.318,0.472,0.33,0.176,0.445,0.32,0.235,0.124,,,,,,,,,,,,,,,,,,,,,,,,,,,,,Willy Adames,SFG,29.0,156.0,3.8,NL
15998,2025,634.0,29.0,86.0,97.0,13.0,0.0819999999999999,0.14,0.269,0.328,0.483,0.811,0.346,124.0,0.271,0.3389999999999999,0.677,0.484,0.742,0.908,0.8420000000000001,0.431,0.076,0.196,0.32,0.484,0.2769999999999999,0.177,0.456,0.287,0.257,0.077,,,,,,,,,,,,,,,,,,,,,,,,,,,,,Cody Bellinger,NYY,29.0,147.0,4.6,AL
16137,2025,,,,,,,,,,,,,,,,,,,,,,,,,,,,,,,,17.0,9.0,0.0,189.1,0.094,0.259,1.0,3.04,1.06,3.76,75.0,88.0,92.0,0.23,0.3289999999999999,0.6509999999999999,0.451,0.586,0.84,0.725,0.3779999999999999,0.124,0.16,0.441,0.3989999999999999,0.314,0.166,0.072,Carlos Rodon,NYY,32.0,32.0,3.2,AL
16252,2025,637.0,15.0,94.0,69.0,36.0,0.068,0.168,0.305,0.356,0.458,0.815,0.353,125.0,0.351,0.346,0.7509999999999999,0.513,0.584,0.894,0.7709999999999999,0.412,0.118,0.193,0.477,0.33,0.33,0.129,0.396,0.367,0.237,0.0579999999999999,,,,,,,,,,,,,,,,,,,,,,,,,,,,,Trea Turner,PHI,32.0,140.0,6.7,NL
16442,2025,528.0,17.0,63.0,62.0,3.0,0.106,0.201,0.276,0.362,0.435,0.797,0.347,125.0,0.323,0.297,0.693,0.466,0.645,0.875,0.7909999999999999,0.426,0.0969999999999999,0.215,0.441,0.344,0.302,0.115,0.352,0.3829999999999999,0.265,0.075,,,,,,,,,,,,,,,,,,,,,,,,,,,,,Ryan O'Hearn,- - -,31.0,140.0,2.8,
16478,2025,703.0,54.0,108.0,130.0,10.0,0.151,0.267,0.241,0.367,0.562,0.929,0.393,152.0,0.253,0.247,0.649,0.416,0.498,0.804,0.698,0.42,0.125,0.183,0.342,0.475,0.447,0.153,0.5579999999999999,0.276,0.166,0.206,,,,,,,,,,,,,,,,,,,,,,,,,,,,,Kyle Schwarber,PHI,32.0,157.0,4.8,NL
16505,2025,523.0,21.0,75.0,61.0,9.0,0.132,0.237,0.232,0.34,0.432,0.773,0.338,119.0,0.271,0.242,0.6659999999999999,0.423,0.612,0.85,0.772,0.427,0.096,0.173,0.401,0.426,0.358,0.157,0.451,0.315,0.235,0.102,,,,,,,,,,,,,,,,,,,,,,,,,,,,,Matt Chapman,SFG,32.0,125.0,3.6,NL
16556,2025,667.0,16.0,74.0,74.0,14.0,0.0819999999999999,0.141,0.24,0.306,0.365,0.671,0.295,87.0,0.259,0.364,0.8,0.541,0.7120000000000001,0.8740000000000001,0.809,0.405,0.103,0.198,0.372,0.43,0.261,0.1669999999999999,0.504,0.325,0.171,0.049,,,,,,,,,,,,,,,,,,,,,,,,,,,,,Ozzie Albies,ATL,28.0,157.0,1.3,NL
16578,2025,642.0,25.0,78.0,83.0,3.0,0.087,0.142,0.301,0.366,0.485,0.851,0.366,135.0,0.319,0.2789999999999999,0.6509999999999999,0.444,0.731,0.907,0.846,0.444,0.068,0.19,0.532,0.278,0.382,0.133,0.278,0.395,0.327,0.084,,,,,,,,,,,,,,,,,,,,,,,,,,,,,Yandy Diaz,TBR,33.0,147.0,2.9,AL
16997,2025,610.0,16.0,79.0,74.0,4.0,0.139,0.157,0.259,0.364,0.395,0.759,0.337,117.0,0.286,0.208,0.687,0.407,0.693,0.893,0.833,0.415,0.068,0.216,0.374,0.409,0.318,0.12,0.308,0.4,0.292,0.085,,,,,,,,,,,,,,,,,,,,,,,,,,,,,Gleyber Torres,DET,28.0,141.0,2.8,AL
17295,2025,,,,,,,,,,,,,,,,,,,,,,,,,,,,,,,,12.0,11.0,0.0,185.0,0.085,0.2289999999999999,0.68,3.75,1.24,3.4,92.0,81.0,81.0,0.295,0.3279999999999999,0.653,0.467,0.5670000000000001,0.888,0.759,0.429,0.1119999999999999,0.184,0.583,0.233,0.351,0.121,0.067,Framber Valdez,HOU,31.0,30.0,3.8,AL
17350,2025,711.0,33.0,95.0,106.0,1.0,0.152,0.264,0.251,0.37,0.47,0.84,0.362,133.0,0.309,0.296,0.722,0.475,0.6609999999999999,0.733,0.7070000000000001,0.419,0.139,0.174,0.433,0.3939999999999999,0.408,0.122,0.379,0.367,0.254,0.156,,,,,,,,,,,,,,,,,,,,,,,,,,,,,Rafael Devers,- - -,28.0,159.0,3.0,
17548,2025,651.0,35.0,85.0,102.0,4.0,0.111,0.264,0.228,0.315,0.474,0.789,0.338,115.0,0.257,0.235,0.57,0.3779999999999999,0.588,0.889,0.782,0.427,0.0819999999999999,0.173,0.3389999999999999,0.488,0.364,0.134,0.3939999999999999,0.337,0.27,0.134,,,,,,,,,,,,,,,,,,,,,,,,,,,,,Taylor Ward,LAA,31.0,153.0,2.8,AL
17594,2025,,,,,,,,,,,,,,,,,,,,,,,,,,,,,,,,6.0,15.0,0.0,172.2,0.063,0.1969999999999999,1.04,4.22,1.24,3.96,98.0,96.0,100.0,0.29,0.303,0.695,0.486,0.6609999999999999,0.897,0.8190000000000001,0.4679999999999999,0.088,0.2019999999999999,0.437,0.361,0.3329999999999999,0.142,0.075,Mitch Keller,PIT,29.0,31.0,2.6,NL
17677,2025,,,,,,,,,,,,,,,,,,,,,,,,,,,,,,,,11.0,11.0,0.0,171.0,0.076,0.1939999999999999,1.47,4.11,1.21,4.66,97.0,109.0,111.0,0.255,0.318,0.669,0.461,0.642,0.8440000000000001,0.7609999999999999,0.407,0.11,0.2239999999999999,0.318,0.4579999999999999,0.317,0.172,0.081,Jeffrey Springs,ATH,32.0,32.0,1.8,
17919,2025,645.0,23.0,84.0,76.0,6.0,0.133,0.225,0.241,0.343,0.42,0.763,0.334,116.0,0.283,0.238,0.659,0.434,0.588,0.865,0.7829999999999999,0.4639999999999999,0.094,0.2189999999999999,0.365,0.416,0.376,0.16,0.434,0.32,0.245,0.107,,,,,,,,,,,,,,,,,,,,,,,,,,,,,Ian Happ,CHC,30.0,145.0,2.7,NL
17929,2025,493.0,17.0,58.0,59.0,22.0,0.099,0.241,0.218,0.3,0.394,0.694,0.303,95.0,0.256,0.289,0.7120000000000001,0.478,0.675,0.855,0.795,0.446,0.098,0.192,0.302,0.506,0.2769999999999999,0.181,0.48,0.283,0.237,0.062,,,,,,,,,,,,,,,,,,,,,,,,,,,,,Cedric Mullins,- - -,30.0,131.0,1.4,
17982,2025,490.0,7.0,50.0,52.0,1.0,0.045,0.1689999999999999,0.257,0.32,0.36,0.681,0.302,92.0,0.3,0.357,0.7559999999999999,0.518,0.6559999999999999,0.908,0.804,0.4039999999999999,0.1009999999999999,0.2339999999999999,0.462,0.305,0.31,0.135,0.335,0.376,0.288,0.077,,,,,,,,,,,,,,,,,,,,,,,,,,,,,Ty France,- - -,30.0,138.0,0.9,
17995,2025,,,,,,,,,,,,,,,,,,,,,,,,,,,,,,,,14.0,11.0,0.0,201.2,0.055,0.258,0.62,3.3,1.25,2.68,80.0,68.0,69.0,0.348,0.326,0.644,0.4589999999999999,0.598,0.897,0.773,0.419,0.104,0.223,0.529,0.248,0.276,0.151,0.079,Logan Webb,SFG,28.0,33.0,5.2,NL
18036,2025,501.0,11.0,60.0,56.0,3.0,0.134,0.206,0.248,0.369,0.382,0.751,0.337,120.0,0.3,0.251,0.645,0.423,0.6859999999999999,0.913,0.8370000000000001,0.4379999999999999,0.069,0.195,0.42,0.384,0.27,0.162,0.368,0.365,0.267,0.063,,,,,,,,,,,,,,,,,,,,,,,,,,,,,Jake Cronenworth,SDP,31.0,131.0,3.0,NL
18314,2025,628.0,23.0,82.0,76.0,18.0,0.07,0.264,0.245,0.298,0.415,0.713,0.308,98.0,0.301,0.289,0.763,0.503,0.491,0.815,0.713,0.451,0.144,0.225,0.414,0.361,0.363,0.135,0.469,0.356,0.175,0.115,,,,,,,,,,,,,,,,,,,,,,,,,,,,,Dansby Swanson,CHC,31.0,154.0,3.2,NL
18345,2025,585.0,22.0,89.0,73.0,25.0,0.147,0.147,0.27,0.381,0.472,0.854,0.368,139.0,0.286,0.214,0.742,0.451,0.635,0.885,0.82,0.4479999999999999,0.081,0.214,0.342,0.4429999999999999,0.3339999999999999,0.135,0.472,0.3339999999999999,0.1939999999999999,0.11,,,,,,,,,,,,,,,,,,,,,,,,,,,,,Kyle Tucker,CHC,28.0,133.0,4.7,NL
18525,2025,,,,,,,,,,,,,,,,,,,,,,,,,,,,,,,,8.0,12.0,0.0,163.0,0.099,0.296,1.16,4.64,1.32,3.64,114.0,89.0,87.0,0.315,0.347,0.715,0.491,0.513,0.8079999999999999,0.6809999999999999,0.3929999999999999,0.156,0.22,0.362,0.418,0.337,0.173,0.089,Dylan Cease,SDP,29.0,31.0,3.1,NL
18564,2025,561.0,33.0,82.0,72.0,3.0,0.1369999999999999,0.235,0.236,0.346,0.466,0.811,0.353,129.0,0.254,0.1989999999999999,0.601,0.3829999999999999,0.616,0.87,0.7979999999999999,0.4579999999999999,0.077,0.191,0.365,0.4429999999999999,0.376,0.132,0.497,0.351,0.152,0.144,,,,,,,,,,,,,,,,,,,,,,,,,,,,,Trent Grisham,NYY,28.0,138.0,3.0,AL
18568,2025,662.0,8.0,64.0,61.0,11.0,0.05,0.032,0.288,0.323,0.388,0.711,0.31,101.0,0.285,0.374,0.618,0.488,0.94,0.974,0.96,0.469,0.019,0.258,0.4379999999999999,0.304,0.177,0.127,0.287,0.327,0.386,0.01,,,,,,,,,,,,,,,,,,,,,,,,,,,,,Luis Arraez,SDP,28.0,151.0,0.7,NL
18577,2025,555.0,5.0,49.0,48.0,12.0,0.061,0.196,0.235,0.289,0.307,0.596,0.266,65.0,0.289,0.292,0.629,0.44,0.66,0.921,0.823,0.439,0.078,0.188,0.491,0.321,0.285,0.187,0.312,0.391,0.297,0.044,,,,,,,,,,,,,,,,,,,,,,,,,,,,,Ke'Bryan Hayes,- - -,28.0,147.0,1.4,
18679,2025,,,,,,,,,,,,,,,,,,,,,,,,,,,,,,,,17.0,6.0,0.0,174.2,0.092,0.282,1.03,2.68,1.07,3.62,64.0,87.0,93.0,0.242,0.318,0.7,0.465,0.5760000000000001,0.8340000000000001,0.726,0.385,0.127,0.171,0.373,0.456,0.284,0.19,0.091,Freddy Peralta,MIL,29.0,32.0,3.7,NL
18684,2025,,,,,,,,,,,,,,,,,,,,,,,,,,,,,,,,10.0,12.0,0.0,167.2,0.077,0.1939999999999999,1.13,5.48,1.28,4.26,128.0,102.0,102.0,0.28,0.326,0.6940000000000001,0.491,0.675,0.889,0.8109999999999999,0.4479999999999999,0.093,0.207,0.455,0.3379999999999999,0.3389999999999999,0.123,0.086,Sandy Alcantara,MIA,29.0,30.0,1.7,NL
18839,2025,594.0,20.0,79.0,91.0,28.0,0.081,0.138,0.292,0.351,0.461,0.812,0.349,126.0,0.311,0.3989999999999999,0.73,0.537,0.669,0.889,0.794,0.418,0.11,0.171,0.456,0.373,0.346,0.16,0.442,0.387,0.171,0.067,,,,,,,,,,,,,,,,,,,,,,,,,,,,,Josh Naylor,- - -,28.0,144.0,2.9,
18882,2025,540.0,30.0,78.0,81.0,3.0,0.069,0.2689999999999999,0.257,0.307,0.475,0.782,0.334,113.0,0.298,0.36,0.7979999999999999,0.556,0.473,0.8140000000000001,0.6920000000000001,0.4479999999999999,0.171,0.228,0.382,0.39,0.374,0.126,0.483,0.287,0.23,0.129,,,,,,,,,,,,,,,,,,,,,,,,,,,,,Brandon Lowe,TBR,30.0,131.0,1.6,AL
19238,2025,546.0,19.0,52.0,80.0,10.0,0.057,0.139,0.248,0.295,0.418,0.713,0.307,94.0,0.254,0.375,0.708,0.522,0.6809999999999999,0.899,0.812,0.442,0.098,0.187,0.374,0.439,0.305,0.18,0.416,0.363,0.222,0.072,,,,,,,,,,,,,,,,,,,,,,,,,,,,,Lourdes Gurriel Jr.,ARI,31.0,129.0,0.7,NL
19251,2025,688.0,37.0,84.0,123.0,1.0,0.087,0.2239999999999999,0.273,0.349,0.523,0.872,0.369,141.0,0.303,0.309,0.675,0.4639999999999999,0.639,0.852,0.77,0.424,0.106,0.203,0.379,0.418,0.3989999999999999,0.122,0.397,0.312,0.292,0.185,,,,,,,,,,,,,,,,,,,,,,,,,,,,,Pete Alonso,NYM,30.0,157.0,3.5,NL
19287,2025,536.0,18.0,56.0,74.0,13.0,0.049,0.246,0.227,0.269,0.392,0.66,0.285,82.0,0.268,0.3939999999999999,0.71,0.524,0.605,0.8109999999999999,0.72,0.411,0.147,0.172,0.37,0.4579999999999999,0.349,0.123,0.397,0.3429999999999999,0.26,0.113,,,,,,,,,,,,,,,,,,,,,,,,,,,,,Adolis Garcia,TEX,32.0,131.0,0.7,AL
19290,2025,685.0,27.0,93.0,73.0,28.0,0.091,0.267,0.233,0.331,0.424,0.755,0.331,119.0,0.288,0.281,0.6459999999999999,0.435,0.631,0.78,0.7240000000000001,0.421,0.12,0.1669999999999999,0.425,0.408,0.3829999999999999,0.172,0.395,0.38,0.225,0.114,,,,,,,,,,,,,,,,,,,,,,,,,,,,,Randy Arozarena,SEA,30.0,155.0,2.7,AL
19291,2025,,,,,,,,,,,,,,,,,,,,,,,,,,,,,,,,13.0,14.0,0.0,187.2,0.08,0.218,1.44,4.7,1.24,4.46,110.0,111.0,98.0,0.267,0.308,0.645,0.444,0.598,0.918,0.7859999999999999,0.405,0.095,0.1889999999999999,0.436,0.375,0.353,0.125,0.095,Zac Gallen,ARI,29.0,32.0,1.1,NL
19326,2025,634.0,16.0,64.0,73.0,3.0,0.088,0.268,0.243,0.315,0.401,0.716,0.313,98.0,0.316,0.299,0.7559999999999999,0.495,0.505,0.858,0.736,0.429,0.131,0.246,0.465,0.289,0.363,0.1,0.428,0.353,0.2189999999999999,0.102,,,,,,,,,,,,,,,,,,,,,,,,,,,,,Bryan Reynolds,PIT,30.0,149.0,1.0,NL
19350,2025,,,,,,,,,,,,,,,,,,,,,,,,,,,,,,,,11.0,10.0,0.0,170.1,0.063,0.1989999999999999,1.16,4.23,1.22,3.99,105.0,95.0,101.0,0.285,0.332,0.698,0.493,0.664,0.863,0.789,0.442,0.104,0.183,0.3989999999999999,0.418,0.285,0.157,0.083,Dean Kremer,BAL,29.0,30.0,2.6,AL
19392,2025,501.0,12.0,68.0,49.0,19.0,0.092,0.22,0.26,0.334,0.442,0.776,0.335,115.0,0.316,0.313,0.654,0.467,0.664,0.866,0.7909999999999999,0.45,0.0969999999999999,0.263,0.3989999999999999,0.337,0.265,0.165,0.442,0.307,0.251,0.062,,,,,,,,,,,,,,,,,,,,,,,,,,,,,Zach McKinstry,DET,30.0,140.0,3.2,AL
19522,2025,661.0,13.0,79.0,50.0,12.0,0.1159999999999999,0.1689999999999999,0.258,0.361,0.37,0.731,0.329,105.0,0.298,0.216,0.5870000000000001,0.385,0.645,0.919,0.835,0.455,0.063,0.226,0.401,0.373,0.276,0.173,0.471,0.3379999999999999,0.191,0.026,,,,,,,,,,,,,,,,,,,,,,,,,,,,,TJ Friedl,CIN,29.0,147.0,2.5,NL
19566,2025,591.0,18.0,64.0,83.0,1.0,0.103,0.261,0.227,0.308,0.382,0.69,0.302,92.0,0.284,0.273,0.653,0.446,0.622,0.8640000000000001,0.784,0.456,0.096,0.201,0.436,0.364,0.313,0.171,0.345,0.348,0.307,0.07,,,,,,,,,,,,,,,,,,,,,,,,,,,,,Nathaniel Lowe,- - -,29.0,148.0,-0.3,
19608,2025,575.0,15.0,66.0,77.0,15.0,0.077,0.1369999999999999,0.25,0.31,0.373,0.683,0.3,89.0,0.267,0.311,0.6629999999999999,0.4629999999999999,0.6990000000000001,0.912,0.83,0.431,0.079,0.179,0.484,0.337,0.305,0.154,0.37,0.381,0.249,0.071,,,,,,,,,,,,,,,,,,,,,,,,,,,,,Otto Lopez,MIA,26.0,138.0,2.6,NL
19611,2025,660.0,23.0,94.0,83.0,6.0,0.123,0.135,0.297,0.388,0.478,0.866,0.373,142.0,0.317,0.251,0.639,0.419,0.675,0.87,0.804,0.432,0.0819999999999999,0.217,0.457,0.326,0.413,0.165,0.368,0.376,0.256,0.126,,,,,,,,,,,,,,,,,,,,,,,,,,,,,Vladimir Guerrero Jr.,TOR,26.0,151.0,4.1,AL
19612,2025,628.0,18.0,78.0,94.0,4.0,0.064,0.145,0.311,0.357,0.483,0.84,0.361,134.0,0.342,0.379,0.746,0.531,0.713,0.917,0.8320000000000001,0.413,0.089,0.221,0.47,0.31,0.374,0.123,0.289,0.3989999999999999,0.312,0.079,,,,,,,,,,,,,,,,,,,,,,,,,,,,,Bo Bichette,TOR,27.0,139.0,3.8,AL
19627,2025,684.0,30.0,91.0,87.0,6.0,0.091,0.216,0.264,0.335,0.485,0.821,0.351,123.0,0.301,0.306,0.777,0.503,0.509,0.8290000000000001,0.716,0.418,0.143,0.218,0.361,0.421,0.372,0.145,0.4379999999999999,0.34,0.222,0.139,,,,,,,,,,,,,,,,,,,,,,,,,,,,,Brent Rooker,ATH,30.0,157.0,2.5,
19709,2025,681.0,23.0,108.0,66.0,32.0,0.129,0.185,0.267,0.367,0.438,0.805,0.35,129.0,0.304,0.276,0.72,0.4529999999999999,0.565,0.86,0.752,0.3979999999999999,0.1119999999999999,0.174,0.493,0.3329999999999999,0.382,0.1169999999999999,0.384,0.38,0.236,0.106,,,,,,,,,,,,,,,,,,,,,,,,,,,,,Fernando Tatis Jr.,SDP,26.0,152.0,5.7,NL
19755,2025,708.0,53.0,142.0,99.0,19.0,0.153,0.256,0.282,0.394,0.617,1.011,0.417,171.0,0.316,0.293,0.67,0.446,0.523,0.789,0.685,0.4039999999999999,0.14,0.1689999999999999,0.3989999999999999,0.432,0.447,0.1009999999999999,0.4589999999999999,0.362,0.179,0.231,,,,,,,,,,,,,,,,,,,,,,,,,,,,,Shohei Ohtani,LAD,30.0,154.0,7.2,NL
19858,2025,524.0,9.0,53.0,43.0,10.0,0.063,0.195,0.24,0.291,0.339,0.629,0.278,75.0,0.285,0.344,0.7440000000000001,0.516,0.675,0.875,0.799,0.428,0.104,0.238,0.509,0.253,0.259,0.174,0.3389999999999999,0.396,0.264,0.052,,,,,,,,,,,,,,,,,,,,,,,,,,,,,Luis Rengifo,LAA,28.0,142.0,0.1,AL
19901,2025,529.0,19.0,55.0,70.0,2.0,0.081,0.198,0.254,0.319,0.436,0.756,0.327,113.0,0.286,0.34,0.598,0.446,0.6759999999999999,0.868,0.782,0.414,0.0969999999999999,0.213,0.364,0.423,0.324,0.17,0.412,0.354,0.2339999999999999,0.096,,,,,,,,,,,,,,,,,,,,,,,,,,,,,Gavin Sheets,SDP,29.0,141.0,1.4,NL
19955,2025,487.0,5.0,47.0,51.0,1.0,0.113,0.23,0.266,0.349,0.37,0.719,0.321,100.0,0.349,0.237,0.6609999999999999,0.425,0.625,0.897,0.813,0.4429999999999999,0.08,0.238,0.488,0.275,0.3,0.141,0.391,0.422,0.188,0.034,,,,,,,,,,,,,,,,,,,,,,,,,,,,,Gavin Lux,CIN,27.0,136.0,0.2,NL
19959,2025,,,,,,,,,,,,,,,,,,,,,,,,,,,,,,,,14.0,7.0,0.0,176.2,0.078,0.28,0.82,4.08,1.25,3.01,95.0,72.0,81.0,0.327,0.335,0.6609999999999999,0.476,0.526,0.8490000000000001,0.72,0.433,0.133,0.203,0.427,0.371,0.316,0.154,0.068,Jesus Luzardo,PHI,27.0,31.0,4.8,NL
20123,2025,693.0,42.0,118.0,104.0,36.0,0.179,0.193,0.267,0.399,0.532,0.932,0.394,158.0,0.276,0.18,0.573,0.35,0.631,0.87,0.8,0.432,0.07,0.1689999999999999,0.4539999999999999,0.377,0.4479999999999999,0.139,0.432,0.374,0.195,0.181,,,,,,,,,,,,,,,,,,,,,,,,,,,,,Juan Soto,NYM,26.0,155.0,5.8,NL
20178,2025,547.0,15.0,73.0,57.0,5.0,0.095,0.174,0.23,0.311,0.397,0.708,0.31,98.0,0.256,0.256,0.7340000000000001,0.4679999999999999,0.7190000000000001,0.872,0.825,0.444,0.0819999999999999,0.183,0.292,0.525,0.322,0.155,0.431,0.335,0.2339999999999999,0.086,,,,,,,,,,,,,,,,,,,,,,,,,,,,,Miguel Vargas,CHW,25.0,133.0,1.0,AL
20220,2025,553.0,36.0,61.0,96.0,5.0,0.06,0.262,0.237,0.296,0.488,0.785,0.336,114.0,0.258,0.356,0.767,0.524,0.55,0.858,0.7340000000000001,0.409,0.139,0.18,0.381,0.439,0.373,0.152,0.401,0.337,0.262,0.17,,,,,,,,,,,,,,,,,,,,,,,,,,,,,Jo Adell,LAA,26.0,147.0,1.4,AL
20302,2025,,,,,,,,,,,,,,,,,,,,,,,,,,,,,,,,9.0,6.0,0.0,168.2,0.09,0.207,0.59,4.22,1.37,3.49,103.0,85.0,90.0,0.316,0.324,0.6679999999999999,0.4639999999999999,0.609,0.895,0.777,0.408,0.103,0.215,0.547,0.239,0.364,0.134,0.064,David Peterson,NYM,29.0,30.0,3.1,NL
20352,2025,570.0,9.0,79.0,47.0,5.0,0.046,0.105,0.277,0.313,0.398,0.71,0.308,97.0,0.295,0.3989999999999999,0.7170000000000001,0.535,0.7659999999999999,0.941,0.866,0.428,0.072,0.2289999999999999,0.345,0.426,0.235,0.163,0.431,0.331,0.238,0.023,,,,,,,,,,,,,,,,,,,,,,,,,,,,,Ernie Clement,TOR,29.0,152.0,3.0,AL
20391,2025,511.0,13.0,63.0,62.0,13.0,0.051,0.159,0.253,0.29,0.399,0.688,0.296,88.0,0.275,0.408,0.716,0.536,0.6940000000000001,0.898,0.807,0.414,0.103,0.195,0.4539999999999999,0.352,0.3379999999999999,0.172,0.4029999999999999,0.3979999999999999,0.1989999999999999,0.087,,,,,,,,,,,,,,,,,,,,,,,,,,,,,Luis Garcia Jr.,WSN,25.0,135.0,0.5,NL
20454,2025,517.0,31.0,75.0,79.0,31.0,0.1119999999999999,0.2789999999999999,0.247,0.337,0.49,0.827,0.355,130.0,0.288,0.295,0.7020000000000001,0.467,0.537,0.784,0.6940000000000001,0.422,0.143,0.144,0.373,0.484,0.31,0.174,0.5,0.316,0.184,0.148,,,,,,,,,,,,,,,,,,,,,,,,,,,,,Jazz Chisholm Jr.,NYY,27.0,125.0,4.5,AL
20503,2025,655.0,17.0,89.0,76.0,6.0,0.128,0.18,0.262,0.357,0.402,0.759,0.334,115.0,0.3,0.292,0.708,0.465,0.65,0.851,0.778,0.416,0.103,0.198,0.498,0.304,0.36,0.156,0.391,0.36,0.249,0.064,,,,,,,,,,,,,,,,,,,,,,,,,,,,,William Contreras,MIL,27.0,149.0,3.7,NL
20633,2025,,,,,,,,,,,,,,,,,,,,,,,,,,,,,,,,6.0,11.0,0.0,173.1,0.0969999999999999,0.223,1.19,4.05,1.45,4.25,97.0,100.0,103.0,0.32,0.298,0.701,0.482,0.637,0.86,0.785,0.456,0.104,0.204,0.3939999999999999,0.402,0.359,0.129,0.092,Yusei Kikuchi,LAA,34.0,32.0,2.4,AL
20778,2025,,,,,,,,,,,,,,,,,,,,,,,,,,,,,,,,13.0,5.0,0.0,196.1,0.0559999999999999,0.259,0.55,2.57,1.08,2.63,60.0,63.0,69.0,0.3,0.351,0.664,0.49,0.573,0.82,0.722,0.445,0.136,0.179,0.585,0.237,0.322,0.142,0.0579999999999999,Cristopher Sanchez,PHI,28.0,31.0,6.0,NL
21390,2025,,,,,,,,,,,,,,,,,,,,,,,,,,,,,,,,13.0,9.0,0.0,166.0,0.057,0.2769999999999999,1.36,3.47,1.04,3.78,84.0,90.0,89.0,0.267,0.295,0.7190000000000001,0.495,0.674,0.81,0.767,0.473,0.115,0.148,0.367,0.485,0.314,0.166,0.118,Joe Ryan,MIN,29.0,30.0,2.9,AL
21454,2025,571.0,13.0,68.0,48.0,4.0,0.105,0.2,0.238,0.325,0.367,0.692,0.306,97.0,0.281,0.249,0.583,0.3939999999999999,0.659,0.8909999999999999,0.809,0.436,0.075,0.175,0.375,0.45,0.35,0.182,0.3379999999999999,0.4039999999999999,0.258,0.0969999999999999,,,,,,,,,,,,,,,,,,,,,,,,,,,,,Lars Nootbaar,STL,27.0,132.0,1.0,NL
21479,2025,626.0,6.0,86.0,60.0,29.0,0.061,0.072,0.302,0.35,0.397,0.747,0.328,112.0,0.317,0.359,0.647,0.487,0.7979999999999999,0.967,0.898,0.444,0.05,0.211,0.446,0.3429999999999999,0.248,0.175,0.373,0.366,0.261,0.022,,,,,,,,,,,,,,,,,,,,,,,,,,,,,Nico Hoerner,CHC,28.0,151.0,4.7,NL
21501,2025,554.0,17.0,62.0,60.0,4.0,0.096,0.209,0.249,0.324,0.402,0.726,0.317,102.0,0.289,0.299,0.635,0.4429999999999999,0.471,0.902,0.737,0.43,0.1169999999999999,0.1969999999999999,0.434,0.368,0.308,0.108,0.405,0.35,0.245,0.073,,,,,,,,,,,,,,,,,,,,,,,,,,,,,Trevor Larnach,MIN,28.0,138.0,0.2,AL
21504,2025,,,,,,,,,,,,,,,,,,,,,,,,,,,,,,,,9.0,13.0,0.0,174.0,0.08,0.155,1.86,5.69,1.44,5.63,135.0,134.0,116.0,0.282,0.3,0.653,0.465,0.7140000000000001,0.9,0.836,0.4679999999999999,0.076,0.192,0.432,0.376,0.353,0.131,0.119,Jake Irvin,WSN,28.0,32.0,-0.4,NL
21523,2025,560.0,8.0,62.0,42.0,0.0,0.096,0.186,0.235,0.326,0.343,0.668,0.301,89.0,0.282,0.2289999999999999,0.594,0.3989999999999999,0.654,0.901,0.825,0.466,0.07,0.171,0.385,0.444,0.311,0.18,0.483,0.278,0.239,0.057,,,,,,,,,,,,,,,,,,,,,,,,,,,,,Jonathan India,KCR,28.0,133.0,-0.2,AL
21534,2025,682.0,58.0,107.0,121.0,14.0,0.139,0.264,0.245,0.359,0.586,0.945,0.392,160.0,0.244,0.355,0.768,0.516,0.564,0.828,0.7170000000000001,0.389,0.146,0.171,0.254,0.575,0.382,0.183,0.555,0.251,0.193,0.193,,,,,,,,,,,,,,,,,,,,,,,,,,,,,Cal Raleigh,SEA,28.0,154.0,8.8,AL
21636,2025,543.0,17.0,68.0,62.0,20.0,0.064,0.171,0.304,0.363,0.477,0.84,0.363,135.0,0.345,0.39,0.6940000000000001,0.51,0.56,0.8959999999999999,0.741,0.397,0.132,0.188,0.48,0.3329999999999999,0.313,0.144,0.449,0.362,0.1889999999999999,0.0819999999999999,,,,,,,,,,,,,,,,,,,,,,,,,,,,,Jeremy Pena,HOU,27.0,125.0,5.7,AL
21711,2025,536.0,20.0,62.0,61.0,38.0,0.119,0.317,0.203,0.302,0.384,0.687,0.299,89.0,0.266,0.297,0.602,0.414,0.5589999999999999,0.778,0.6809999999999999,0.384,0.132,0.148,0.48,0.372,0.406,0.1169999999999999,0.413,0.379,0.208,0.178,,,,,,,,,,,,,,,,,,,,,,,,,,,,,Oneil Cruz,PIT,26.0,132.0,1.7,NL
22100,2025,,,,,,,,,,,,,,,,,,,,,,,,,,,,,,,,10.0,11.0,0.0,169.0,0.108,0.21,0.64,4.26,1.4,3.74,103.0,88.0,84.0,0.306,0.294,0.652,0.444,0.522,0.885,0.745,0.42,0.113,0.181,0.653,0.166,0.365,0.1369999999999999,0.072,Jose Soriano,LAA,26.0,31.0,3.0,AL
22186,2025,642.0,18.0,96.0,77.0,24.0,0.098,0.2269999999999999,0.284,0.355,0.432,0.786,0.343,121.0,0.35,0.281,0.631,0.4429999999999999,0.6890000000000001,0.8690000000000001,0.8079999999999999,0.462,0.085,0.22,0.4639999999999999,0.316,0.3339999999999999,0.093,0.271,0.385,0.3429999999999999,0.079,,,,,,,,,,,,,,,,,,,,,,,,,,,,,Brice Turang,MIL,25.0,152.0,4.1,NL
22201,2025,,,,,,,,,,,,,,,,,,,,,,,,,,,,,,,,5.0,15.0,0.0,159.2,0.094,0.272,1.13,4.17,1.35,3.75,99.0,90.0,91.0,0.325,0.331,0.72,0.491,0.5670000000000001,0.835,0.7290000000000001,0.413,0.133,0.22,0.372,0.408,0.345,0.138,0.106,MacKenzie Gore,WSN,26.0,30.0,2.9,NL
22264,2025,,,,,,,,,,,,,,,,,,,,,,,,,,,,,,,,10.0,12.0,0.0,162.1,0.088,0.249,1.44,4.99,1.35,4.39,120.0,103.0,91.0,0.309,0.3379999999999999,0.6729999999999999,0.489,0.608,0.86,0.765,0.451,0.115,0.173,0.4679999999999999,0.359,0.32,0.172,0.0969999999999999,Shane Baz,TBR,26.0,30.0,1.9,AL
22266,2025,599.0,3.0,74.0,41.0,26.0,0.077,0.14,0.281,0.337,0.352,0.69,0.305,93.0,0.325,0.288,0.7070000000000001,0.478,0.795,0.942,0.894,0.4529999999999999,0.051,0.244,0.4629999999999999,0.293,0.244,0.1669999999999999,0.319,0.362,0.319,0.006,,,,,,,,,,,,,,,,,,,,,,,,,,,,,Xavier Edwards,MIA,25.0,134.0,2.2,NL
22267,2025,,,,,,,,,,,,,,,,,,,,,,,,,,,,,,,,13.0,6.0,0.0,195.1,0.044,0.322,0.83,2.21,0.89,2.46,54.0,58.0,63.0,0.273,0.379,0.722,0.545,0.546,0.78,0.696,0.483,0.166,0.204,0.412,0.384,0.284,0.203,0.081,Tarik Skubal,DET,28.0,31.0,6.6,AL
22515,2025,677.0,20.0,84.0,66.0,6.0,0.075,0.2289999999999999,0.259,0.331,0.401,0.732,0.321,107.0,0.313,0.3279999999999999,0.6709999999999999,0.474,0.619,0.893,0.784,0.427,0.102,0.183,0.4429999999999999,0.374,0.3329999999999999,0.1369999999999999,0.35,0.3939999999999999,0.256,0.084,,,,,,,,,,,,,,,,,,,,,,,,,,,,,Heliot Ramos,SFG,25.0,153.0,1.2,NL
22542,2025,618.0,21.0,83.0,63.0,21.0,0.094,0.286,0.237,0.308,0.41,0.719,0.314,98.0,0.308,0.301,0.7070000000000001,0.469,0.509,0.8109999999999999,0.698,0.415,0.142,0.216,0.451,0.332,0.3339999999999999,0.157,0.342,0.36,0.298,0.094,,,,,,,,,,,,,,,,,,,,,,,,,,,,,Lawrence Butler,ATH,24.0,149.0,2.1,
22581,2025,490.0,12.0,42.0,69.0,1.0,0.098,0.1119999999999999,0.283,0.351,0.405,0.756,0.331,113.0,0.297,0.3229999999999999,0.6729999999999999,0.47,0.759,0.892,0.8390000000000001,0.42,0.076,0.187,0.446,0.368,0.381,0.13,0.293,0.3939999999999999,0.313,0.096,,,,,,,,,,,,,,,,,,,,,,,,,,,,,Alejandro Kirk,TOR,26.0,126.0,4.1,AL
22715,2025,644.0,16.0,77.0,72.0,23.0,0.093,0.124,0.288,0.354,0.455,0.809,0.351,123.0,0.31,0.238,0.6,0.4,0.748,0.931,0.872,0.45,0.051,0.19,0.435,0.375,0.342,0.133,0.392,0.356,0.252,0.0579999999999999,,,,,,,,,,,,,,,,,,,,,,,,,,,,,Maikel Garcia,KCR,25.0,155.0,5.5,AL
22799,2025,697.0,19.0,96.0,98.0,26.0,0.132,0.11,0.291,0.391,0.461,0.852,0.371,138.0,0.303,0.2189999999999999,0.586,0.3929999999999999,0.8009999999999999,0.939,0.898,0.473,0.04,0.236,0.373,0.391,0.276,0.154,0.427,0.315,0.259,0.06,,,,,,,,,,,,,,,,,,,,,,,,,,,,,Geraldo Perdomo,ARI,25.0,156.0,6.9,NL
22896,2025,528.0,21.0,54.0,71.0,2.0,0.034,0.235,0.258,0.288,0.423,0.712,0.307,95.0,0.303,0.432,0.615,0.509,0.682,0.904,0.795,0.42,0.105,0.249,0.318,0.433,0.312,0.144,0.39,0.348,0.262,0.099,,,,,,,,,,,,,,,,,,,,,,,,,,,,,Lenyn Sosa,CHW,25.0,136.0,1.1,AL
23003,2025,549.0,19.0,53.0,68.0,1.0,0.036,0.1639999999999999,0.256,0.284,0.412,0.696,0.299,91.0,0.275,0.473,0.789,0.5920000000000001,0.674,0.899,0.787,0.376,0.126,0.188,0.465,0.348,0.3229999999999999,0.146,0.3939999999999999,0.38,0.2269999999999999,0.092,,,,,,,,,,,,,,,,,,,,,,,,,,,,,Yainer Diaz,HOU,26.0,138.0,1.4,AL
23395,2025,506.0,9.0,55.0,51.0,3.0,0.063,0.196,0.248,0.294,0.376,0.671,0.292,84.0,0.293,0.294,0.657,0.452,0.6,0.8809999999999999,0.777,0.433,0.1009999999999999,0.206,0.441,0.353,0.361,0.139,0.409,0.358,0.233,0.067,,,,,,,,,,,,,,,,,,,,,,,,,,,,,Eric Wagaman,MIA,27.0,137.0,-0.5,NL
23697,2025,693.0,31.0,104.0,94.0,28.0,0.0579999999999999,0.216,0.268,0.322,0.474,0.796,0.341,126.0,0.304,0.4,0.775,0.556,0.591,0.83,0.73,0.417,0.15,0.181,0.47,0.348,0.373,0.145,0.369,0.3929999999999999,0.238,0.096,,,,,,,,,,,,,,,,,,,,,,,,,,,,,Julio Rodriguez,SEA,24.0,156.0,5.5,AL
23920,2025,,,,,,,,,,,,,,,,,,,,,,,,,,,,,,,,11.0,8.0,0.0,161.2,0.083,0.179,0.89,3.34,1.24,4.18,78.0,99.0,103.0,0.271,0.312,0.6659999999999999,0.457,0.6579999999999999,0.913,0.8109999999999999,0.411,0.087,0.1969999999999999,0.493,0.31,0.307,0.131,0.074,Brayan Bello,BOS,26.0,28.0,1.9,AL
24262,2025,568.0,16.0,82.0,62.0,19.0,0.046,0.2019999999999999,0.244,0.288,0.405,0.693,0.3,87.0,0.283,0.4539999999999999,0.758,0.586,0.631,0.852,0.755,0.434,0.144,0.171,0.435,0.3939999999999999,0.31,0.179,0.384,0.3989999999999999,0.217,0.093,,,,,,,,,,,,,,,,,,,,,,,,,,,,,Ceddanne Rafaela,BOS,24.0,151.0,3.3,AL
24610,2025,672.0,11.0,80.0,55.0,21.0,0.08,0.085,0.277,0.336,0.383,0.719,0.315,103.0,0.288,0.253,0.601,0.416,0.816,0.971,0.921,0.4679999999999999,0.033,0.256,0.381,0.364,0.1989999999999999,0.122,0.314,0.382,0.305,0.02,,,,,,,,,,,,,,,,,,,,,,,,,,,,,Steven Kwan,CLE,27.0,151.0,3.3,AL
24617,2025,678.0,16.0,85.0,82.0,24.0,0.087,0.243,0.258,0.334,0.445,0.779,0.337,112.0,0.329,0.345,0.645,0.47,0.545,0.88,0.737,0.418,0.124,0.195,0.416,0.389,0.341,0.14,0.379,0.363,0.257,0.0969999999999999,,,,,,,,,,,,,,,,,,,,,,,,,,,,,Jarren Duran,BOS,28.0,153.0,3.8,AL
24679,2025,511.0,10.0,63.0,49.0,3.0,0.0819999999999999,0.129,0.287,0.354,0.421,0.775,0.338,119.0,0.315,0.275,0.629,0.433,0.773,0.934,0.878,0.445,0.053,0.212,0.425,0.363,0.313,0.134,0.369,0.359,0.273,0.083,,,,,,,,,,,,,,,,,,,,,,,,,,,,,Brendan Donovan,STL,28.0,117.0,2.7,NL
24816,2025,602.0,25.0,72.0,82.0,14.0,0.047,0.209,0.277,0.317,0.463,0.78,0.335,115.0,0.313,0.357,0.735,0.5329999999999999,0.639,0.893,0.802,0.4639999999999999,0.106,0.223,0.357,0.42,0.311,0.132,0.402,0.336,0.261,0.0819999999999999,,,,,,,,,,,,,,,,,,,,,,,,,,,,,Andy Pages,LAD,24.0,151.0,3.9,NL
25377,2025,,,,,,,,,,,,,,,,,,,,,,,,,,,,,,,,14.0,11.0,0.0,166.1,0.085,0.226,0.97,3.95,1.23,3.93,89.0,90.0,102.0,0.282,0.28,0.655,0.44,0.626,0.873,0.7829999999999999,0.427,0.096,0.21,0.3939999999999999,0.396,0.311,0.141,0.09,Brady Singer,CIN,28.0,31.0,2.9,NL
25479,2025,522.0,14.0,55.0,56.0,17.0,0.057,0.257,0.233,0.275,0.37,0.645,0.281,64.0,0.289,0.3279999999999999,0.738,0.501,0.518,0.8540000000000001,0.727,0.422,0.1369999999999999,0.175,0.4579999999999999,0.367,0.374,0.156,0.444,0.335,0.221,0.109,,,,,,,,,,,,,,,,,,,,,,,,,,,,,Brenton Doyle,COL,27.0,134.0,0.4,NL
25493,2025,497.0,7.0,61.0,45.0,14.0,0.054,0.143,0.232,0.279,0.319,0.598,0.266,68.0,0.261,0.357,0.5760000000000001,0.461,0.746,0.926,0.852,0.473,0.068,0.171,0.451,0.3779999999999999,0.247,0.265,0.301,0.381,0.318,0.0279999999999999,,,,,,,,,,,,,,,,,,,,,,,,,,,,,Joey Ortiz,MIL,26.0,145.0,1.5,NL
25764,2025,664.0,23.0,97.0,84.0,37.0,0.074,0.187,0.293,0.351,0.502,0.853,0.361,130.0,0.333,0.34,0.736,0.508,0.644,0.867,0.7809999999999999,0.424,0.111,0.1989999999999999,0.369,0.433,0.406,0.135,0.344,0.371,0.286,0.126,,,,,,,,,,,,,,,,,,,,,,,,,,,,,Bobby Witt Jr.,KCR,25.0,152.0,7.8,AL
25768,2025,618.0,18.0,89.0,59.0,31.0,0.0579999999999999,0.1939999999999999,0.259,0.318,0.433,0.75,0.325,108.0,0.298,0.365,0.677,0.505,0.659,0.856,0.778,0.45,0.1119999999999999,0.201,0.3939999999999999,0.405,0.29,0.196,0.433,0.366,0.201,0.076,,,,,,,,,,,,,,,,,,,,,,,,,,,,,CJ Abrams,WSN,24.0,140.0,3.2,NL
25816,2025,505.0,30.0,69.0,68.0,7.0,0.071,0.2,0.259,0.311,0.514,0.825,0.349,122.0,0.267,0.365,0.746,0.522,0.643,0.8690000000000001,0.7759999999999999,0.414,0.1169999999999999,0.185,0.371,0.444,0.387,0.163,0.436,0.354,0.21,0.1119999999999999,,,,,,,,,,,,,,,,,,,,,,,,,,,,,Shea Langeliers,ATH,27.0,119.0,3.2,
25878,2025,628.0,31.0,106.0,83.0,30.0,0.1,0.239,0.26,0.341,0.545,0.886,0.373,139.0,0.3,0.353,0.68,0.489,0.6940000000000001,0.833,0.774,0.417,0.11,0.203,0.341,0.456,0.385,0.162,0.449,0.3279999999999999,0.223,0.147,,,,,,,,,,,,,,,,,,,,,,,,,,,,,Corbin Carroll,ARI,24.0,140.0,6.4,NL
25880,2025,,,,,,,,,,,,,,,,,,,,,,,,,,,,,,,,12.0,8.0,0.0,180.1,0.078,0.285,0.85,2.3,1.01,3.17,56.0,75.0,76.0,0.258,0.32,0.63,0.446,0.618,0.8440000000000001,0.747,0.406,0.113,0.195,0.472,0.3329999999999999,0.282,0.1989999999999999,0.061,Hunter Brown,HOU,26.0,30.0,4.4,AL
25931,2025,627.0,19.0,54.0,85.0,19.0,0.026,0.204,0.246,0.266,0.404,0.67,0.286,80.0,0.28,0.46,0.7040000000000001,0.564,0.618,0.91,0.774,0.427,0.128,0.182,0.49,0.3279999999999999,0.31,0.175,0.385,0.392,0.223,0.083,,,,,,,,,,,,,,,,,,,,,,,,,,,,,Michael Harris II,ATL,24.0,156.0,1.1,NL
25976,2025,639.0,35.0,83.0,110.0,2.0,0.069,0.305,0.261,0.315,0.497,0.811,0.345,122.0,0.327,0.3429999999999999,0.769,0.528,0.5920000000000001,0.7979999999999999,0.722,0.434,0.147,0.207,0.4039999999999999,0.389,0.354,0.134,0.407,0.3229999999999999,0.27,0.1689999999999999,,,,,,,,,,,,,,,,,,,,,,,,,,,,,Riley Greene,DET,24.0,153.0,3.0,AL
26108,2025,,,,,,,,,,,,,,,,,,,,,,,,,,,,,,,,6.0,15.0,0.0,162.2,0.087,0.155,1.16,5.31,1.44,4.69,128.0,115.0,100.0,0.295,0.288,0.6990000000000001,0.457,0.604,0.899,0.79,0.413,0.096,0.181,0.591,0.228,0.315,0.166,0.065,Andre Pallante,STL,26.0,31.0,0.7,NL
26221,2025,,,,,,,,,,,,,,,,,,,,,,,,,,,,,,,,11.0,12.0,0.0,167.2,0.09,0.246,1.4,3.86,1.16,4.37,93.0,102.0,97.0,0.258,0.322,0.72,0.5,0.635,0.84,0.767,0.4479999999999999,0.1159999999999999,0.192,0.382,0.425,0.3379999999999999,0.162,0.094,Ryan Pepiot,TBR,27.0,31.0,2.0,AL
26289,2025,630.0,16.0,84.0,67.0,28.0,0.095,0.211,0.274,0.349,0.437,0.786,0.339,119.0,0.331,0.314,0.679,0.474,0.614,0.86,0.768,0.439,0.11,0.205,0.484,0.312,0.391,0.13,0.377,0.374,0.249,0.086,,,,,,,,,,,,,,,,,,,,,,,,,,,,,Gunnar Henderson,BAL,24.0,149.0,4.6,AL
26294,2025,544.0,12.0,65.0,65.0,23.0,0.099,0.158,0.255,0.328,0.387,0.716,0.315,99.0,0.285,0.257,0.564,0.401,0.765,0.904,0.857,0.469,0.057,0.193,0.3939999999999999,0.412,0.27,0.159,0.3229999999999999,0.382,0.295,0.05,,,,,,,,,,,,,,,,,,,,,,,,,,,,,Bryson Stott,PHI,27.0,142.0,2.9,NL
26299,2025,490.0,14.0,51.0,60.0,4.0,0.051,0.255,0.253,0.294,0.393,0.687,0.299,92.0,0.318,0.365,0.7190000000000001,0.513,0.6659999999999999,0.852,0.774,0.416,0.1159999999999999,0.2189999999999999,0.417,0.364,0.361,0.154,0.385,0.382,0.2339999999999999,0.08,,,,,,,,,,,,,,,,,,,,,,,,,,,,,Josh Jung,TEX,27.0,126.0,1.5,AL
26319,2025,572.0,30.0,72.0,82.0,4.0,0.093,0.24,0.254,0.336,0.491,0.827,0.355,130.0,0.289,0.276,0.6920000000000001,0.4639999999999999,0.541,0.867,0.7609999999999999,0.4529999999999999,0.111,0.21,0.364,0.426,0.374,0.089,0.4679999999999999,0.315,0.218,0.1639999999999999,,,,,,,,,,,,,,,,,,,,,,,,,,,,,Michael Busch,CHC,27.0,150.0,2.8,NL
26323,2025,546.0,21.0,66.0,74.0,7.0,0.088,0.222,0.24,0.312,0.418,0.729,0.318,98.0,0.276,0.286,0.695,0.477,0.585,0.857,0.77,0.467,0.11,0.203,0.3379999999999999,0.4589999999999999,0.273,0.185,0.475,0.322,0.204,0.078,,,,,,,,,,,,,,,,,,,,,,,,,,,,,Spencer Steer,CIN,27.0,141.0,1.0,NL
26396,2025,557.0,9.0,69.0,34.0,12.0,0.0969999999999999,0.172,0.251,0.335,0.361,0.696,0.31,99.0,0.295,0.299,0.626,0.451,0.669,0.906,0.8220000000000001,0.466,0.08,0.2019999999999999,0.44,0.358,0.287,0.191,0.36,0.365,0.275,0.05,,,,,,,,,,,,,,,,,,,,,,,,,,,,,Josh Smith,TEX,27.0,142.0,1.7,AL
26546,2025,567.0,21.0,71.0,67.0,14.0,0.063,0.19,0.233,0.291,0.422,0.713,0.307,94.0,0.254,0.358,0.713,0.498,0.603,0.889,0.765,0.396,0.1169999999999999,0.186,0.46,0.354,0.359,0.2189999999999999,0.422,0.3279999999999999,0.251,0.111,,,,,,,,,,,,,,,,,,,,,,,,,,,,,Agustin Ramirez,MIA,23.0,131.0,0.1,NL
26668,2025,677.0,21.0,101.0,85.0,36.0,0.0969999999999999,0.258,0.266,0.34,0.444,0.784,0.336,110.0,0.341,0.316,0.648,0.4539999999999999,0.5429999999999999,0.8220000000000001,0.7090000000000001,0.418,0.132,0.178,0.513,0.309,0.3389999999999999,0.136,0.396,0.3389999999999999,0.265,0.1009999999999999,,,,,,,,,,,,,,,,,,,,,,,,,,,,,Elly De La Cruz,CIN,23.0,157.0,4.2,NL
27463,2025,,,,,,,,,,,,,,,,,,,,,,,,,,,,,,,,17.0,5.0,0.0,197.1,0.0579999999999999,0.316,1.09,2.69,1.05,2.95,63.0,69.0,62.0,0.296,0.36,0.703,0.515,0.564,0.8370000000000001,0.732,0.451,0.138,0.178,0.482,0.34,0.325,0.18,0.076,Garrett Crochet,BOS,26.0,31.0,5.4,AL
27465,2025,631.0,31.0,82.0,78.0,2.0,0.111,0.258,0.241,0.334,0.464,0.799,0.342,120.0,0.282,0.258,0.682,0.446,0.557,0.8590000000000001,0.762,0.4429999999999999,0.106,0.203,0.278,0.519,0.347,0.149,0.486,0.308,0.206,0.139,,,,,,,,,,,,,,,,,,,,,,,,,,,,,Spencer Torkelson,DET,25.0,151.0,2.4,AL
27467,2025,607.0,24.0,73.0,91.0,8.0,0.087,0.226,0.278,0.348,0.473,0.82,0.354,125.0,0.331,0.3289999999999999,0.6890000000000001,0.488,0.598,0.888,0.779,0.441,0.108,0.2019999999999999,0.485,0.312,0.401,0.134,0.355,0.367,0.2769999999999999,0.1119999999999999,,,,,,,,,,,,,,,,,,,,,,,,,,,,,Tyler Soderstrom,ATH,23.0,153.0,3.2,
27479,2025,537.0,9.0,72.0,51.0,9.0,0.063,0.19,0.253,0.31,0.363,0.673,0.298,91.0,0.301,0.297,0.631,0.449,0.742,0.897,0.841,0.456,0.071,0.214,0.38,0.406,0.26,0.176,0.405,0.341,0.254,0.048,,,,,,,,,,,,,,,,,,,,,,,,,,,,,Masyn Winn,STL,23.0,129.0,3.5,NL
27615,2025,535.0,18.0,54.0,69.0,5.0,0.071,0.144,0.294,0.346,0.464,0.81,0.349,127.0,0.316,0.33,0.696,0.491,0.7709999999999999,0.879,0.838,0.4379999999999999,0.079,0.182,0.396,0.422,0.349,0.147,0.352,0.405,0.243,0.096,,,,,,,,,,,,,,,,,,,,,,,,,,,,,Alec Burleson,STL,26.0,136.0,2.1,NL
27636,2025,,,,,,,,,,,,,,,,,,,,,,,,,,,,,,,,8.0,16.0,1.0,162.0,0.08,0.144,1.39,5.72,1.44,5.01,136.0,120.0,122.0,0.289,0.326,0.731,0.509,0.672,0.892,0.815,0.4529999999999999,0.094,0.2339999999999999,0.364,0.401,0.3829999999999999,0.125,0.096,Mitchell Parker,WSN,25.0,31.0,0.9,NL
27647,2025,578.0,19.0,64.0,72.0,18.0,0.074,0.253,0.213,0.275,0.397,0.672,0.29,85.0,0.253,0.288,0.664,0.457,0.677,0.83,0.777,0.45,0.102,0.155,0.417,0.428,0.322,0.1639999999999999,0.371,0.358,0.27,0.1009999999999999,,,,,,,,,,,,,,,,,,,,,,,,,,,,,Anthony Volpe,NYY,24.0,148.0,1.1,AL
27676,2025,659.0,31.0,70.0,108.0,1.0,0.073,0.155,0.269,0.328,0.479,0.807,0.344,118.0,0.276,0.3289999999999999,0.669,0.478,0.703,0.919,0.835,0.4379999999999999,0.079,0.188,0.379,0.433,0.3429999999999999,0.145,0.444,0.327,0.2289999999999999,0.106,,,,,,,,,,,,,,,,,,,,,,,,,,,,,Vinnie Pasquantino,KCR,27.0,155.0,1.6,AL
27769,2025,628.0,29.0,88.0,90.0,35.0,0.046,0.24,0.246,0.286,0.476,0.762,0.322,107.0,0.277,0.4539999999999999,0.802,0.593,0.593,0.847,0.731,0.402,0.16,0.19,0.316,0.494,0.314,0.155,0.527,0.28,0.193,0.125,,,,,,,,,,,,,,,,,,,,,,,,,,,,,Pete Crow-Armstrong,CHC,23.0,152.0,5.1,NL
27782,2025,,,,,,,,,,,,,,,,,,,,,,,,,,,,,,,,13.0,8.0,0.0,172.2,0.05,0.19,1.3,5.0,1.33,4.22,117.0,105.0,97.0,0.314,0.3279999999999999,0.701,0.489,0.6729999999999999,0.894,0.81,0.432,0.093,0.236,0.421,0.3429999999999999,0.392,0.122,0.108,Brandon Pfaadt,ARI,26.0,32.0,1.6,NL
28163,2025,631.0,44.0,91.0,108.0,7.0,0.06,0.1969999999999999,0.259,0.304,0.533,0.838,0.353,126.0,0.254,0.353,0.718,0.506,0.648,0.846,0.7659999999999999,0.419,0.118,0.157,0.4639999999999999,0.38,0.3929999999999999,0.1369999999999999,0.476,0.348,0.176,0.142,,,,,,,,,,,,,,,,,,,,,,,,,,,,,Junior Caminero,TBR,21.0,149.0,4.2,AL
28806,2025,570.0,20.0,84.0,77.0,18.0,0.049,0.2019999999999999,0.27,0.307,0.462,0.769,0.328,110.0,0.307,0.402,0.7120000000000001,0.531,0.625,0.8690000000000001,0.7609999999999999,0.417,0.127,0.178,0.428,0.3939999999999999,0.358,0.182,0.356,0.384,0.259,0.092,,,,,,,,,,,,,,,,,,,,,,,,,,,,,Jackson Chourio,MIL,21.0,127.0,2.7,NL
29518,2025,672.0,28.0,84.0,90.0,15.0,0.126,0.32,0.255,0.351,0.465,0.816,0.35,125.0,0.352,0.268,0.573,0.4,0.498,0.807,0.69,0.434,0.124,0.238,0.499,0.263,0.407,0.103,0.304,0.412,0.285,0.154,,,,,,,,,,,,,,,,,,,,,,,,,,,,,James Wood,WSN,22.0,153.0,3.1,NL
29576,2025,514.0,24.0,69.0,62.0,3.0,0.093,0.193,0.256,0.338,0.49,0.828,0.356,131.0,0.277,0.246,0.672,0.432,0.586,0.903,0.802,0.437,0.086,0.1989999999999999,0.402,0.3989999999999999,0.419,0.126,0.478,0.331,0.191,0.151,,,,,,,,,,,,,,,,,,,,,,,,,,,,,Ben Rice,NYY,26.0,134.0,2.8,AL
29622,2025,581.0,12.0,76.0,63.0,19.0,0.081,0.134,0.291,0.355,0.412,0.767,0.337,117.0,0.321,0.304,0.589,0.433,0.836,0.937,0.898,0.452,0.044,0.205,0.4529999999999999,0.342,0.207,0.24,0.422,0.357,0.22,0.031,,,,,,,,,,,,,,,,,,,,,,,,,,,,,Sal Frelick,MIL,25.0,138.0,3.6,NL
29646,2025,494.0,11.0,60.0,53.0,17.0,0.061,0.0969999999999999,0.262,0.338,0.395,0.733,0.324,108.0,0.271,0.2689999999999999,0.624,0.437,0.773,0.943,0.888,0.473,0.049,0.192,0.418,0.389,0.2689999999999999,0.193,0.434,0.373,0.193,0.0409999999999999,,,,,,,,,,,,,,,,,,,,,,,,,,,,,Caleb Durbin,MIL,25.0,133.0,2.7,NL
29695,2025,560.0,15.0,72.0,49.0,18.0,0.095,0.286,0.222,0.302,0.349,0.651,0.29,79.0,0.293,0.292,0.612,0.431,0.574,0.85,0.7440000000000001,0.434,0.11,0.173,0.384,0.4429999999999999,0.327,0.161,0.345,0.365,0.289,0.079,,,,,,,,,,,,,,,,,,,,,,,,,,,,,Matt McLain,CIN,25.0,142.0,1.5,NL
29715,2025,558.0,30.0,72.0,88.0,1.0,0.057,0.263,0.279,0.324,0.521,0.846,0.36,118.0,0.333,0.396,0.778,0.552,0.529,0.831,0.703,0.408,0.1639999999999999,0.195,0.384,0.421,0.44,0.147,0.501,0.3389999999999999,0.16,0.128,,,,,,,,,,,,,,,,,,,,,,,,,,,,,Hunter Goodman,COL,25.0,139.0,3.3,NL
29794,2025,514.0,26.0,46.0,68.0,2.0,0.093,0.251,0.236,0.317,0.457,0.774,0.332,114.0,0.267,0.322,0.674,0.48,0.617,0.847,0.762,0.449,0.114,0.22,0.296,0.485,0.3429999999999999,0.158,0.41,0.347,0.243,0.1159999999999999,,,,,,,,,,,,,,,,,,,,,,,,,,,,,Kyle Manzardo,CLE,24.0,137.0,1.3,AL
29911,2025,,,,,,,,,,,,,,,,,,,,,,,,,,,,,,,,9.0,7.0,0.0,161.0,0.065,0.2189999999999999,1.01,2.8,1.16,3.65,63.0,84.0,104.0,0.275,0.348,0.6940000000000001,0.498,0.6779999999999999,0.847,0.78,0.435,0.11,0.206,0.314,0.48,0.267,0.172,0.078,Andrew Abbott,CIN,26.0,28.0,3.9,NL
30116,2025,632.0,27.0,69.0,92.0,5.0,0.109,0.253,0.242,0.323,0.453,0.776,0.334,116.0,0.285,0.249,0.606,0.406,0.607,0.867,0.778,0.44,0.09,0.2289999999999999,0.308,0.4629999999999999,0.356,0.139,0.405,0.348,0.246,0.1639999999999999,,,,,,,,,,,,,,,,,,,,,,,,,,,,,Seiya Suzuki,CHC,30.0,146.0,2.0,NL
30122,2025,,,,,,,,,,,,,,,,,,,,,,,,,,,,,,,,12.0,5.0,0.0,167.2,0.118,0.246,1.23,3.06,1.27,4.4,75.0,106.0,97.0,0.254,0.295,0.677,0.457,0.5329999999999999,0.8640000000000001,0.741,0.425,0.118,0.1939999999999999,0.447,0.359,0.335,0.139,0.085,Gavin Williams,CLE,25.0,31.0,1.5,AL
30134,2025,,,,,,,,,,,,,,,,,,,,,,,,,,,,,,,,11.0,11.0,0.0,176.1,0.07,0.213,1.38,4.34,1.23,4.41,107.0,107.0,100.0,0.28,0.303,0.664,0.4639999999999999,0.623,0.875,0.7829999999999999,0.444,0.1,0.159,0.4429999999999999,0.3979999999999999,0.289,0.1639999999999999,0.083,Tanner Bibee,CLE,26.0,30.0,1.7,AL
30182,2025,,,,,,,,,,,,,,,,,,,,,,,,,,,,,,,,8.0,8.0,0.0,157.1,0.093,0.238,1.14,4.35,1.37,4.01,107.0,94.0,93.0,0.302,0.275,0.64,0.425,0.655,0.853,0.778,0.411,0.094,0.215,0.429,0.356,0.3289999999999999,0.138,0.105,Will Warren,NYY,26.0,32.0,2.2,AL
30279,2025,,,,,,,,,,,,,,,,,,,,,,,,,,,,,,,,15.0,7.0,0.0,186.2,0.049,0.271,1.25,2.94,0.93,3.48,77.0,86.0,79.0,0.238,0.336,0.743,0.531,0.623,0.838,0.767,0.479,0.124,0.176,0.408,0.416,0.308,0.193,0.091,Bryan Woo,SEA,25.0,30.0,3.6,AL
31347,2025,554.0,26.0,82.0,62.0,26.0,0.06,0.2689999999999999,0.257,0.319,0.474,0.793,0.337,115.0,0.312,0.336,0.708,0.484,0.545,0.848,0.721,0.397,0.135,0.235,0.351,0.414,0.363,0.103,0.492,0.31,0.198,0.14,,,,,,,,,,,,,,,,,,,,,,,,,,,,,Zach Neto,LAA,24.0,128.0,3.2,AL
31431,2025,569.0,15.0,61.0,52.0,19.0,0.076,0.29,0.265,0.326,0.423,0.749,0.326,95.0,0.361,0.303,0.6920000000000001,0.4679999999999999,0.5489999999999999,0.804,0.7090000000000001,0.424,0.136,0.211,0.43,0.359,0.348,0.171,0.435,0.346,0.2189999999999999,0.092,,,,,,,,,,,,,,,,,,,,,,,,,,,,,Jordan Beck,COL,24.0,143.0,1.2,NL
31595,2025,509.0,16.0,50.0,64.0,3.0,0.059,0.175,0.24,0.289,0.379,0.668,0.291,84.0,0.262,0.347,0.6970000000000001,0.494,0.5920000000000001,0.8959999999999999,0.772,0.419,0.113,0.179,0.439,0.382,0.28,0.1369999999999999,0.433,0.347,0.22,0.057,,,,,,,,,,,,,,,,,,,,,,,,,,,,,Brooks Lee,MIN,24.0,134.0,0.6,AL
31781,2025,636.0,17.0,69.0,55.0,17.0,0.085,0.2189999999999999,0.245,0.316,0.381,0.697,0.307,97.0,0.295,0.268,0.6940000000000001,0.469,0.617,0.856,0.7829999999999999,0.472,0.102,0.179,0.479,0.342,0.288,0.146,0.357,0.387,0.256,0.08,,,,,,,,,,,,,,,,,,,,,,,,,,,,,Jackson Holliday,BAL,21.0,146.0,1.3,AL
33189,2025,552.0,11.0,63.0,52.0,5.0,0.105,0.127,0.268,0.357,0.39,0.747,0.33,110.0,0.293,0.276,0.664,0.449,0.7340000000000001,0.921,0.858,0.447,0.064,0.23,0.421,0.35,0.256,0.14,0.413,0.348,0.239,0.0409999999999999,,,,,,,,,,,,,,,,,,,,,,,,,,,,,Nolan Schanuel,LAA,23.0,129.0,1.5,AL
33266,2025,508.0,13.0,62.0,60.0,5.0,0.053,0.071,0.318,0.362,0.453,0.815,0.355,125.0,0.323,0.367,0.679,0.503,0.882,0.94,0.916,0.436,0.042,0.2019999999999999,0.522,0.276,0.196,0.1689999999999999,0.364,0.369,0.267,0.023,,,,,,,,,,,,,,,,,,,,,,,,,,,,,Jacob Wilson,ATH,23.0,121.0,3.6,
33333,2025,573.0,22.0,73.0,62.0,22.0,0.129,0.264,0.241,0.344,0.431,0.775,0.337,118.0,0.299,0.262,0.67,0.43,0.5579999999999999,0.87,0.758,0.412,0.104,0.216,0.359,0.426,0.356,0.122,0.4639999999999999,0.309,0.2269999999999999,0.14,,,,,,,,,,,,,,,,,,,,,,,,,,,,,Wyatt Langford,TEX,23.0,134.0,4.0,AL
33677,2025,,,,,,,,,,,,,,,,,,,,,,,,,,,,,,,,10.0,10.0,0.0,181.2,0.059,0.294,0.54,2.03,0.96,2.42,47.0,60.0,74.0,0.273,0.3379999999999999,0.6970000000000001,0.493,0.589,0.809,0.7240000000000001,0.433,0.136,0.186,0.445,0.369,0.293,0.178,0.057,Paul Skenes,PIT,23.0,31.0,6.1,NL
33824,2025,602.0,8.0,72.0,53.0,10.0,0.078,0.113,0.261,0.324,0.4,0.724,0.316,104.0,0.283,0.258,0.6559999999999999,0.445,0.768,0.929,0.879,0.47,0.054,0.1969999999999999,0.471,0.3329999999999999,0.256,0.15,0.426,0.316,0.258,0.035,,,,,,,,,,,,,,,,,,,,,,,,,,,,,Jung Hoo Lee,SFG,26.0,146.0,2.2,NL
33825,2025,,,,,,,,,,,,,,,,,,,,,,,,,,,,,,,,11.0,8.0,0.0,167.2,0.086,0.294,0.75,2.58,0.99,2.99,61.0,71.0,74.0,0.242,0.335,0.65,0.466,0.568,0.85,0.732,0.416,0.125,0.162,0.525,0.313,0.31,0.163,0.057,Yoshinobu Yamamoto,LAD,26.0,29.0,4.7,NL
